StartDate,EndDate,Status,IPAddress,Progress,Duration (in seconds),Finished,RecordedDate,ResponseId,RecipientLastName,RecipientFirstName,RecipientEmail,ExternalReference,LocationLatitude,LocationLongitude,DistributionChannel,UserLanguage,ID,Gender,Age,Race_1,Race_2,Race_3,Race_4,Race_5,Race_6,Race_7,Race_7_TEXT,Lang,Lang_3_TEXT,Medical_1,Medical_2,Medical_3,Standing,TimeUNL,FirstGen,Courses,Major,Minor,StartMajor,ContMajor,GPA,CumuGPA,CollEntr_1,CollEntr_2,CollEntr_1_TEXT,CollEntr_2_TEXT,Q26_1,Q26_2,Q26_3,Q26_4,Q26_5,Q26_6,Q26_7,Q26_8,Q26_9,Q26_10,Q26_11,Q26_12,Q26_13,Q26_14,Q26_15,Q26_16,Q26_17,Q26_18,Q26_19,Q26_20,Q26_21,Q26_22,Q26_23,Q26_24,Q26_25,Q26_26,Q26_27,Q26_28,Q26_29,Q26_30,Q26_31,Q26_32,Q26_33,Q26_34,Q26_35,Q26_36,Q26_37,Q26_38,Q26_39,Q26_40,Q26_41,Q26_42,Q26_43,Q26_44,Q26_45,Q26_46,Q26_47,Q26_48,Q26_49,Q26_50,Q26_51
10/17/24 14:31,10/18/24 11:31,0,129.93.161.233,100,75560,1,10/18/24 11:31,R_1ARpvxmLe1vPPLH,,,,,40.8161,-96.7036,anonymous,EN,1101,Male,5,1,,,,,,,,1,,,,,2,3,2,BIO 120,Entomology,Biology,1,1,3.4,3.4,1,,24,,2,2,2,1,1,1,2,2,1,1,1,2,2,2,2,2,2,2,1,2,1,1,2,2,2,2,2,2,2,2,1,1,1,1,2,1,2,2,2,2,1,2,2,1,2,2,2,2,2,2,2
10/14/24 11:15,10/14/24 11:18,0,104.28.50.111,100,163,1,10/14/24 11:18,R_6HbYRQijExOWNcO,,,,,39.7388,-104.9868,anonymous,EN,1102,Male,5,1,,,,,,,,1,,,,,2,3,2,"LIFE 120, LIFE 121",Nutrition Science,Math,2,1,4,4,1,1,36,1560,2,2,2,2,2,2,2,2,2,2,2,2,2,1,2,2,2,2,2,2,2,1,1,2,2,2,2,2,2,2,2,2,2,2,2,1,2,2,2,2,2,2,2,2,2,2,1,2,2,2,2
10/19/24 14:22,10/19/24 14:26,0,72.25.44.94,100,256,1,10/19/24 14:26,R_5EnTuQvXtZ9GiV8,,,,,40.8514,-96.7139,anonymous,EN,1103,female,5,,,,1,,,,,1,,,,,2,3,1,Life 120 & 121,Nutrition & Health Science,Psychology and Biology,2,1,3.4,3.4,1,,25,,2,2,2,2,2,2,2,2,2,1,2,2,1,1,2,1,2,2,2,1,1,1,1,1,2,1,1,1,2,1,2,1,2,2,2,2,2,2,2,1,1,2,1,2,2,2,2,2,2,2,2
10/20/24 15:40,10/20/24 15:43,0,72.213.25.142,100,189,1,10/20/24 15:43,R_3Pa7gcXJXgPuVln,,,,,41.2315,-96.0519,anonymous,EN,1104,female,5,1,,,,,,,,1,,,,,2,3,2,LIFE 120 & LIFE 121,Biology,,2,1,unsure,3.7,1,,29,,2,2,2,2,2,2,1,2,2,2,2,2,2,2,2,2,2,2,2,2,2,2,2,1,2,2,1,2,2,1,2,2,1,2,2,2,2,1,2,2,2,2,2,2,2,2,2,2,2,2,2
10/11/24 15:20,10/11/24 15:27,0,174.224.220.160,100,434,1,10/11/24 15:27,R_6fuRL7p3VqZfGWI,,,,,41.8797,-87.6435,anonymous,EN,1106,Female,5,1,,,,,,,,1,,,,,3,5,2,"Life 120, Life 121",Biological Systems Engineering,Biomedical Engineering,1,1,3.626,3.564,,1,,1360,2,2,2,2,2,2,1,1,2,1,2,2,2,2,2,2,2,2,2,2,1,1,1,1,2,2,1,2,1,1,2,2,1,2,1,2,2,1,2,2,1,2,2,2,2,2,2,2,1,2,2
10/14/24 15:53,10/14/24 15:55,0,129.93.161.226,100,109,1,10/14/24 15:55,R_6e3ZglJhqmJLeiV,,,,,40.7597,-96.6542,anonymous,EN,1107,female,6,1,,,,,,,,1,,,1,,3,2,2,"life 120, life 121",business,chemistry,1,1,3.9,3.7,1,,30,,2,2,2,2,1,2,2,2,1,1,1,1,1,2,2,2,2,2,2,2,2,2,2,2,1,,1,2,2,2,2,2,2,2,2,2,1,2,2,2,1,2,2,2,2,1,1,2,2,2,2
10/11/24 21:00,10/11/24 21:14,0,76.84.33.157,100,832,1,10/11/24 21:14,R_3VayfJzWkFz0ncZ,,,,,40.7869,-96.6962,anonymous,EN,1109,Female,5,,,,1,,,,,1,,,,,2,3,2,"LIFE 120, LIFE 121",Biochemistry (CASNR),Biochemistry (CASNR),1,1,3.9,3.9,1,,30,,2,2,2,2,1,2,1,2,2,1,2,2,1,2,2,2,2,2,1,1,2,1,2,1,2,2,2,2,2,2,1,2,1,1,2,2,1,2,2,2,2,2,2,2,2,2,2,2,2,2,2
10/18/24 14:09,10/18/24 14:14,0,68.99.11.145,100,281,1,10/18/24 14:14,R_5kIGk2Y9jxTE0wb,,,,,41.2854,-96.1494,anonymous,EN,1111,Female,5,1,,,,,,,,1,,,,1,2,3,2,"Life 120, Life 121",Biology,Biochemistry,1,1,3.8,3.6,1,,33,,1,2,2,1,2,2,2,2,2,1,2,1,2,1,2,1,2,2,1,2,1,1,2,1,2,2,2,2,1,1,2,2,2,2,1,1,2,1,2,2,1,2,2,1,2,1,1,2,2,2,2
10/19/24 14:15,10/19/24 14:23,0,129.93.161.226,100,485,1,10/19/24 14:23,R_6wKUePwgyxDVd0o,,,,,40.8161,-96.7036,anonymous,EN,1114,Female,4,1,,1,,,,,,1,,,,,2,this is my first semester,2,"BIOL 213 (equivalent to LIFE 120), LIFE 121 ",Forensic Science with a concentration in Forensic Biology ,Biological Sciences,1,1,4,4,,1,,1200,2,2,2,1,2,1,1,2,1,1,2,2,1,2,2,2,2,1,2,2,1,1,2,1,1,2,2,1,1,2,2,1,1,1,2,1,2,2,2,2,2,2,2,1,2,1,2,2,1,2,2
10/17/24 17:20,10/17/24 17:29,0,129.93.161.228,100,517,1,10/17/24 17:29,R_5nZod9WUnTDMWkU,,,,,40.8161,-96.7036,anonymous,EN,1116,Female,5,1,,,,,,,,1,,,,,2,3,2,LIFE 120 and LIFE 121,Forensic Science,,1,1,3.82,3.82,1,1,27,1210,2,2,2,2,2,1,1,2,2,2,2,2,1,2,2,2,2,2,1,2,2,1,1,1,2,2,1,2,2,2,1,2,1,1,2,2,2,2,2,2,2,1,2,2,2,1,2,2,2,2,2
10/20/24 22:53,10/20/24 22:56,0,137.83.95.41,100,178,1,10/20/24 22:56,R_7N4MGXxDzK1seI1,,,,,40.8161,-96.7036,anonymous,EN,1118,Female,5,,,,1,,,,,1,,,,,2,0,2,LIFE 121,Biochemistry,,1,1,3.92,3.92,,,,,2,2,2,2,2,2,2,2,2,2,2,2,2,2,2,2,2,2,2,2,2,2,2,2,2,2,2,2,2,2,2,2,2,2,2,2,2,2,2,2,2,2,2,2,2,2,2,2,2,2,2
11/3/24 13:03,11/3/24 13:10,0,76.85.181.81,100,390,1,11/3/24 13:10,R_1VwisvZPABZ8QIG,,,,,40.8514,-96.7139,anonymous,EN,1119,queer,,,,1,,,,,,1,,,,,2,3,2,Life 120 and Life 121,biological sciences,Spanish,1,1,3.9,3.78,1,,26,,2,2,2,1,2,2,1,2,2,2,2,2,2,2,2,2,2,1,1,2,1,1,1,1,2,2,2,2,2,1,1,1,1,1,1,1,2,2,1,1,2,2,2,1,2,1,1,2,1,2,2
10/25/24 8:46,10/25/24 8:52,0,129.93.161.224,100,341,1,10/25/24 8:52,R_7YucV3I084mU6Dm,,,,,40.8161,-96.7036,anonymous,EN,1120,Female,4,1,,,,,,,,1,,,,1,1,1,2,Life 120,Forensic Biology & Biology ,N/A,1,1,N/A,N/A,1,,26,,2,2,2,2,2,2,2,1,2,2,1,2,2,1,2,2,2,1,1,2,2,1,2,1,2,2,1,2,2,1,2,2,1,2,1,2,1,2,2,2,2,2,2,2,2,2,1,1,1,2,2
10/24/24 14:56,10/24/24 15:01,0,129.93.161.226,100,286,1,10/24/24 15:01,R_5t326v8PxSQVt2F,,,,,40.8161,-96.7036,anonymous,EN,1121,Female,4,1,,,,,,,,1,,,1,1,1,one,2,life 120,pre-health,,1,1,3.6,3.6,1,,21,,2,2,2,2,2,1,1,2,2,2,2,2,1,2,2,2,1,2,2,2,1,1,1,1,2,2,2,2,2,1,2,2,2,1,1,2,2,2,2,2,2,2,2,2,2,2,1,2,2,2,2
10/24/24 20:49,10/24/24 20:53,0,129.93.161.226,100,232,1,10/24/24 20:53,R_7q8KqTqrLyEw8QR,,,,,40.8161,-96.7036,anonymous,EN,1122,female,4,1,,,,,,,,1,,,,1,1,1,2,LIfe 120 and Lab,Human Resources Management/Pre-dental,Humanities in Medicine/accounting,1,1,4,4,1,,26,,2,2,2,2,2,1,1,2,1,1,2,2,1,2,2,1,2,2,2,2,2,2,1,2,2,2,2,2,2,2,2,2,2,1,2,2,2,2,1,2,1,2,2,2,2,2,2,2,2,1,2
10/24/24 13:47,10/24/24 13:51,0,129.93.161.229,100,288,1,10/24/24 13:51,R_3XmpDJVGWeZh9GV,,,,,40.8161,-96.7036,anonymous,EN,1124,female,4,1,,,,,,,,1,,,,,1,1,2,LIFE 120,Psychology,,1,1,3.7,3.8,1,,22,,2,2,2,2,2,2,2,1,2,2,2,2,2,1,2,2,2,2,2,2,2,2,2,2,2,2,2,2,2,2,2,2,2,2,2,2,2,2,2,2,2,2,2,2,2,1,2,2,2,2,2
10/25/24 16:12,10/25/24 16:25,0,72.46.51.119,100,778,1,10/25/24 16:25,R_690OvMf7wQfeJUJ,,,,,40.8161,-96.7036,anonymous,EN,1125,Female,4,1,,,,,,,,1,,,,,1,This is my first,2,Life 120/120L,Communication Sciences and Disorders,,2,1,3.929,3.929?,1,,23,,2,2,2,2,2,2,2,2,2,1,2,2,2,2,2,1,2,2,1,1,2,1,1,2,2,2,2,2,2,2,2,2,2,1,2,2,1,2,2,2,2,2,2,2,2,2,2,2,2,2,2
10/28/24 20:33,10/28/24 20:42,0,129.93.161.231,100,514,1,10/28/24 20:42,R_3oNiPLr7rR2lJiA,,,,,40.8161,-96.7036,anonymous,EN,1127,female,4,1,,,,,,,,1,,,,,1,1,2,Life 120 Biology,Undeclared,none,1,3,4,n/a,1,,,,2,2,2,2,2,2,2,2,2,1,1,2,2,1,2,2,2,2,2,2,1,1,2,1,2,2,2,2,2,1,2,1,2,2,2,2,1,2,1,2,1,1,2,2,2,2,2,1,1,2,2
11/6/24 9:36,11/6/24 9:52,0,129.93.161.231,100,977,1,11/6/24 9:53,R_3CkjnaGxWVEWTaS,,,,,40.7597,-96.6542,anonymous,EN,1130,female,,1,,,,,,,,1,,,,,1,1,2,LIFE 120,Nutrition and Exercise Science,,1,1,4,4,1,,29,,1,2,2,1,2,2,1,2,2,1,2,2,1,1,2,1,2,2,2,2,1,1,1,1,2,1,1,2,2,2,2,1,1,1,2,1,2,1,2,2,2,1,2,1,2,2,2,2,1,2,2
11/5/24 20:15,11/5/24 20:24,0,129.93.161.230,100,536,1,11/5/24 20:24,R_5kBcpW2ubIpsiGh,,,,,40.7597,-96.6542,anonymous,EN,1131,Female,4,1,,,,,,,,1,,,,1,1,1,2,"Life 120 (Fund of Biology I) and the Life 120 Lab, NUTR100 (Healthy Living)",Exercise and nutrition sciences with pre-athletic training,,1,1,3.7,3.7,,1,,1220,2,2,2,2,2,2,1,2,2,2,2,2,2,1,2,2,2,2,2,2,2,1,2,1,2,2,2,2,2,1,2,1,2,2,2,1,2,2,2,1,2,2,2,2,2,2,2,2,2,2,2
1/30/25 16:45,1/30/25 16:51,0,129.93.161.229,100,365,1,1/30/25 16:51,R_3LhUU2XrRm7VsDB,,,,,40.8161,-96.7036,anonymous,EN,1134,Female,4,1,,,,,,,,1,,,,,1,1,2,"LIFE120, LIFE121, ENTO115",Insect Science,,1,1,3.898,3.898,1,,29,,2,2,2,2,2,2,1,1,2,2,1,1,2,1,2,2,1,2,1,2,2,1,2,1,2,2,1,2,1,1,2,2,1,2,1,1,1,2,2,2,2,1,2,1,2,2,1,1,1,2,2
2/3/25 15:03,2/3/25 15:08,0,129.93.161.226,100,275,1,2/3/25 15:08,R_156mdtsABEciVWN,,,,,40.8161,-96.7036,anonymous,EN,1135,Female,4,,,,1,,,,,1,,,,,1,2,2,LIFE120,Biochemistry,,1,2,4,4,1,,33,,2,2,2,1,1,1,2,1,2,2,2,1,1,2,2,2,1,2,2,2,2,1,1,2,2,2,2,2,2,2,2,2,2,1,1,2,2,2,2,2,2,2,2,2,2,1,2,1,1,2,2
5/14/25 12:48,5/14/25 12:52,0,140.228.180.217,100,194,1,5/14/25 12:52,R_7qVcmUn24iRIDXp,,,,,40.7842,-96.6461,anonymous,EN,1235,Male,5,,,,1,,,,,1,,,,,2,4,2,"Bios 101
Life 120
Life 121",Biochemistry,Computer Science,1,1,4,4,1,,35,,2,2,2,2,2,2,2,1,2,2,2,2,2,2,2,2,2,2,2,2,2,2,2,2,2,2,2,1,2,2,2,2,2,2,2,2,2,2,2,2,2,2,2,2,2,2,2,2,1,2,2
1/31/25 9:36,1/31/25 9:41,0,129.93.161.227,100,321,1,1/31/25 9:41,R_72aqGYiCW8sahKK,,,,,40.8161,-96.7036,anonymous,EN,1136,female,4,1,,,,,,,,1,,,,,1,2,2,"LIFE 120, LIFE 121",Animal Science,"Agribusiness, Nebraska Beef Industry Scholars",1,2,4,4,1,,30,,2,2,2,2,2,2,2,2,2,2,1,2,2,2,2,1,2,2,1,2,2,1,2,1,2,1,1,2,1,1,2,2,1,1,2,2,1,2,2,2,2,1,1,2,2,2,1,2,1,2,2
2/4/25 16:29,2/4/25 16:34,0,129.93.161.227,100,273,1,2/4/25 16:34,R_35M8RA9Jjk5EK8p,,,,,40.8161,-96.7036,anonymous,EN,1138,Female,4,1,,,,,,,,1,,,,,1,1,1,"LIFE 120, LIFE 121, CHEM 109, PSYC 273",Psychology,,1,2,1.9,1.9,1,,29,,2,2,2,1,2,1,2,2,2,2,1,2,1,1,2,2,1,2,2,2,2,1,2,1,2,2,1,2,2,1,1,2,1,2,1,2,1,2,2,2,2,2,2,2,2,2,1,1,2,2,2
2/5/25 18:10,2/5/25 18:15,0,129.93.161.228,100,279,1,2/5/25 18:15,R_3ZPKZWGBaeI5pV0,,,,,40.8161,-96.7036,anonymous,EN,1139,Female,4,1,,,,,,,,1,,,,,2,This is my second semester at UNL,2,LIFE 120,Communication Sciences and Disorders ,Education Sciences ,2,1,4,4,1,,25,,1,2,2,2,2,2,1,1,2,2,2,2,2,2,2,2,2,2,2,2,2,1,2,1,2,2,2,2,2,1,2,1,2,2,2,2,2,2,2,2,2,1,1,2,2,2,2,1,1,2,2
1/31/25 12:39,1/31/25 12:44,0,162.250.116.186,100,336,1,1/31/25 12:44,R_1GfcVNdYoSHlSpT,,,,,40.8035,-96.651,anonymous,EN,1140,female,,1,,,,,,,,1,,,,,2,3,2,LIFE 120 & LIFE 121,biochemistry,business & computer science,2,1,3.95,3.89,1,,34,,2,1,2,1,2,1,1,1,2,1,2,1,1,2,2,2,2,2,1,2,2,1,1,1,2,2,2,2,1,1,2,1,1,1,2,2,1,2,1,1,1,2,2,1,2,2,1,1,2,2,2
2/3/25 14:39,2/3/25 14:47,0,167.248.121.246,100,480,1,2/3/25 14:47,R_3CE0ujDQYDdfinQ,,,,,40.8219,-96.6244,anonymous,EN,1141,Male,4,1,,,,,,,,1,,,,,1,1,1,"LIFE 120
LIFE 120L
LIFE 121
LIFE 121L",Animal Science,,1,1,4,4,1,,31,,2,2,2,2,2,2,2,2,2,2,2,2,2,2,2,2,2,2,2,2,2,1,2,2,2,2,2,2,2,2,2,2,2,2,2,1,2,2,2,2,2,2,2,2,2,2,2,2,2,2,2
2/4/25 14:52,2/4/25 14:58,0,129.93.161.224,100,392,1,2/4/25 14:58,R_5bAzpDF0rOVzg5z,,,,,40.8161,-96.7036,anonymous,EN,1143,Woman,4,1,,,,,,,,1,,,,1,1,1,2,"Life 120, Life 121",Exercise and Nutrition Sciences (Pre-Athletic Training),,1,1,3.8,3.8,,1,,1220,2,2,2,2,2,2,1,2,2,2,2,2,2,2,2,2,2,2,2,2,2,1,2,2,2,2,2,2,2,2,2,2,2,2,2,2,2,1,2,2,2,2,2,2,2,2,2,2,2,2,2
2/5/25 9:38,2/5/25 9:46,0,129.93.161.228,100,460,1,2/5/25 9:46,R_3iCKHOe7gyXV1TN,,,,,40.8161,-96.7036,anonymous,EN,1145,Female,4,1,,,,,,,,1,,,,,1,1 semester,2,"Life 120, Life 121","Exercise and Health Science, Pre-PA",Business,2,1,3.79,3.79,1,,26,,2,1,2,2,1,1,2,2,2,1,2,2,2,1,2,2,1,2,2,2,2,1,1,1,2,2,2,2,2,1,1,2,2,1,2,2,1,1,2,1,1,2,2,2,2,1,1,2,2,2,2
2/5/25 20:20,2/5/25 20:24,0,129.93.161.224,100,260,1,2/5/25 20:24,R_5PhSZl5g7uwUxNT,,,,,40.8161,-96.7036,anonymous,EN,1147,Woman,4,,1,,,,,,,1,,,,1,1,1,2,Life 120,Bio Systems Engineering,Biochem,1,1,2.75,2.75,1,,32,,2,2,2,1,2,2,2,2,2,2,2,2,2,2,2,2,2,2,2,2,1,1,2,2,1,2,1,2,2,2,2,2,2,2,2,1,2,2,2,1,2,2,2,1,2,1,2,2,2,2,2
2/6/25 17:36,2/6/25 17:41,0,160.32.122.84,100,277,1,2/6/25 17:41,R_1161qa3lKW1Cgmo,,,,,41.1484,-95.9067,anonymous,EN,1148,Female,29,,1,1,,,,1,Muliracial,1,,,,1,4,1,1,BioSc 140 and BioChem 401,I am attempting to earn an masters in dietetics,,1,1,3.4,3.2,,,,,2,2,2,1,1,2,1,2,2,2,2,2,1,2,1,1,1,2,2,2,1,1,2,1,1,2,1,2,2,2,2,2,2,1,2,1,2,2,2,2,1,1,2,2,2,2,2,1,2,2,2
2/5/25 15:40,2/5/25 15:44,0,129.93.161.227,100,256,1,2/5/25 15:44,R_7rD3zg8e21nS5Rx,,,,,40.8161,-96.7036,anonymous,EN,1151,Female,4,1,,,,,,,,1,,1,,,1,2,2,Life 121,biology,geology?,1,1,not sure,not sure,1,1,idk,idk,2,2,2,1,2,1,1,1,2,1,1,1,2,1,1,1,1,2,2,1,2,1,1,1,2,2,1,1,1,2,1,2,1,1,2,2,1,2,2,1,2,2,1,2,2,2,2,1,2,1,2
2/4/25 18:14,2/4/25 18:20,0,129.93.161.227,100,352,1,2/4/25 18:20,R_1ikhwFlUZVeDs38,,,,,40.8161,-96.7036,anonymous,EN,1153,Trans-masc,4,1,,,,,,,,1,,,,1,1,1,2,LIFE 120 and LIFE 120L,Insect biology,Zoo animal science,1,1,3.4,3.4,1,,28,,2,2,2,1,2,2,1,2,2,1,2,2,2,1,2,2,1,2,1,2,2,1,2,1,2,2,1,2,1,1,1,2,1,1,2,1,2,2,2,2,2,2,2,1,2,2,1,1,1,2,2
2/3/25 18:40,2/3/25 18:46,0,129.93.161.225,100,347,1,2/3/25 18:46,R_3lsOBD27M9axDA8,,,,,40.8161,-96.7036,anonymous,EN,1154,female question: 19 was the only option I wasnt able to press?? so I just put 20 sorry),5,1,,,,,,,,1,,,,1,2,2,2,life 120 ,psych,art,1,1,4.0 last semester,3.8ish,1,,31,,2,2,2,1,2,2,1,1,2,2,2,2,2,1,2,1,1,2,2,2,1,1,2,1,2,2,2,2,2,1,2,2,2,2,2,2,2,2,2,1,1,2,2,2,2,2,2,2,1,2,2
2/4/25 16:06,2/4/25 16:11,0,129.93.161.226,100,299,1,2/4/25 16:11,R_5fiJqdT5RMGCFOH,,,,,40.8161,-96.7036,anonymous,EN,1155,Female,4,,,,1,,,,,1,,,,,1,2-Jan,2,"Life 120, Life 121",Microbiology and Forensic Science,Biochemistry and Biological Sciences,2,1,4,4.0?,,1,,1480,2,2,2,1,2,2,1,2,2,1,2,2,2,2,2,1,2,2,2,1,1,1,2,2,2,2,1,2,2,2,1,2,1,1,2,1,2,2,2,2,2,2,2,1,2,1,2,2,2,2,2
1/31/25 17:43,1/31/25 17:53,0,129.93.161.226,100,618,1,1/31/25 17:53,R_5h5T217qetOZghw,,,,,40.8161,-96.7036,anonymous,EN,1157,Male,4,1,,,,,,,,1,,,,,1,2,2,"LIFE 120
LIFE 121",Pre-Health,,1,2,3.835,3.883,1,,31,,2,2,2,2,2,2,1,2,2,2,2,2,2,2,2,2,2,2,2,2,2,1,2,1,2,2,2,2,2,1,2,2,1,2,2,1,2,2,2,2,2,1,2,2,2,2,2,2,2,2,2
1/30/25 14:53,1/30/25 14:58,0,129.93.161.231,100,325,1,1/30/25 14:58,R_1e8WDfhz5IGbq6J,,,,,40.8161,-96.7036,anonymous,EN,1158,Female,4,1,,,,,,,,1,,,,1,1,2,2,LIFE120 - Fundamentals of Biology I,Forensic Science (Biology),,1,1,4,4,1,,33,,1,2,2,2,2,1,1,1,2,2,2,1,1,1,2,2,2,2,1,2,1,1,2,1,2,2,1,2,1,2,2,2,1,2,1,1,1,2,2,2,1,2,1,1,2,2,1,1,1,2,2
1/31/25 15:37,1/31/25 15:44,0,129.93.161.227,100,396,1,1/31/25 15:44,R_5cKWGFedFMSRknT,,,,,40.8161,-96.7036,anonymous,EN,1159,Female,4,1,,,,,,,,1,,,,,1,One,2,LIFE 120,Forensic Science and Biochemistry,,2,1,3.9,4.3,1,1,30,1360,1,2,2,1,2,2,2,1,2,2,2,2,1,1,2,2,2,1,1,1,1,1,2,1,2,1,1,2,1,1,2,1,1,1,1,1,2,1,1,1,2,1,2,1,2,1,1,1,1,2,2
1/30/25 17:52,1/30/25 17:55,0,137.83.95.41,100,211,1,1/30/25 17:55,R_108W1l6d7DaGMh3,,,,,40.8035,-96.651,anonymous,EN,1160,Female,5,1,,,,,,,,1,,,,,2,4,2,Life 120,Communication Sciences and Disorders,Education,2,1,3.975,3.975,1,,29,,2,2,2,2,1,2,1,2,2,2,2,2,2,2,2,2,2,2,2,2,1,1,2,2,2,2,2,2,1,1,2,2,1,2,1,1,1,2,2,1,2,1,1,2,2,2,1,1,1,2,2
1/30/25 18:27,1/30/25 18:29,0,129.93.161.227,100,121,1,1/30/25 18:29,R_7OiDL9xpl8ezoUD,,,,,40.8161,-96.7036,anonymous,EN,1161,female,4,,,,1,,,,,1,,,,,1,1,2,N/A,Biology,Psychology,1,1,3.5,3.5,1,1,34,1490,2,1,2,2,2,2,2,2,2,2,2,2,2,2,2,2,2,2,2,2,2,2,2,2,2,2,2,2,2,2,2,2,2,2,2,2,2,2,2,2,2,2,2,2,2,2,2,2,2,2,2
2/1/25 9:03,2/1/25 9:09,0,129.93.161.230,100,362,1,2/1/25 9:09,R_2cJ8EAhd85L5yi5,,,,,40.8161,-96.7036,anonymous,EN,1163,Female,4,1,,,,,,,,1,,,,,1,1,2,"LIFE120, BIOC101",Biochemistry,Spanish,1,1,4,4,1,,27,,2,2,2,2,2,2,1,2,2,2,2,2,2,2,2,2,2,1,2,2,2,2,2,1,2,2,2,2,2,2,2,2,2,2,1,2,2,2,2,1,2,2,2,2,2,2,2,2,2,2,2
2/1/25 8:30,2/1/25 8:40,0,129.93.161.228,100,590,1,2/1/25 8:40,R_3C3gUNj9i1kQLxH,,,,,40.8161,-96.7036,anonymous,EN,1164,Female,4,1,,,,,,,,1,,,,,1,1,2,Currently taking Life 120,Biology,Math,1,1,4,4,1,,30,,2,2,2,2,2,1,2,1,2,2,2,2,2,1,2,2,2,1,2,2,2,1,2,2,2,2,2,2,2,1,2,2,1,1,2,1,2,2,2,2,2,2,2,2,2,2,1,2,2,2,2
2/3/25 18:34,2/3/25 18:46,0,143.55.62.45,100,711,1,2/3/25 18:46,R_7HRhuDaDLr4x3K4,,,,,40.6734,-95.8635,anonymous,EN,1165,female,12,1,,,,,,,,1,,,,,3,4 including this one,2,"life 120, life 121",Veterinary science,,2,1,3.8,3.304,,,,,2,1,2,1,2,2,1,2,2,2,2,2,2,2,2,2,1,2,2,2,1,2,2,1,2,2,2,2,2,2,2,2,1,2,2,1,2,2,2,2,2,2,2,2,2,2,2,1,2,2,2
1/31/25 9:32,1/31/25 9:42,0,129.93.161.228,100,603,1,1/31/25 9:42,R_1QN12aJwjbxrMjw,,,,,40.8161,-96.7036,anonymous,EN,1166,Female,4,1,,,,,,,,1,,,1,,1,2,2,Life 120,Forensic Science,,1,1,3.2,3.2,,,,,2,1,2,1,2,1,1,1,2,1,2,2,1,2,2,2,2,2,2,2,1,1,2,2,1,2,2,2,2,2,2,2,1,2,2,2,1,2,2,2,2,2,2,1,2,1,1,2,1,2,2
2/1/25 16:33,2/1/25 16:41,0,167.248.74.47,100,448,1,2/1/25 16:41,R_30NtBqBUpFkYQWR,,,,,40.7842,-96.6461,anonymous,EN,1167,male,5,1,,,,,,,,1,,,,1,3,5,2,LIFE 120,Environmental engineering,,2,1,2.653,2.653,1,,35,,2,2,2,1,1,1,2,1,2,2,2,1,2,1,2,1,2,2,2,2,1,1,1,1,1,1,2,2,2,2,1,1,2,1,2,2,2,2,2,1,1,2,2,1,2,1,2,2,2,2,2
2/3/25 21:01,2/3/25 21:06,0,129.93.161.231,100,297,1,2/3/25 21:06,R_52LYfjmJSVDS1sG,,,,,40.8161,-96.7036,anonymous,EN,1168,Female,4,1,,,,,,,,1,,,,,1,1,1,I am currently taking Life 120,Forensic Science on the Chemistry track,,1,1,3.22,3.22,,,,,2,1,2,1,1,2,2,2,2,2,1,1,2,1,2,2,1,2,2,2,2,1,1,1,2,2,1,2,2,1,1,2,1,1,2,2,1,2,1,2,2,1,2,1,2,2,2,2,1,2,2
2/3/25 14:35,2/3/25 14:40,0,129.93.161.231,100,304,1,2/3/25 14:40,R_71ju2JzZ4CzcGoj,,,,,40.8161,-96.7036,anonymous,EN,1169,female,4,1,,,,,,,,1,,,,,1,1,2,currenlty in bio120 if chem109 counts I have taken that and am in chem110,bio,gerontology and biochem,1,1,no idea,no idea,1,,25,,2,2,2,1,2,2,2,2,2,1,2,2,2,1,2,2,2,2,2,1,1,2,2,1,2,2,2,2,2,2,2,2,2,2,2,2,2,2,2,2,2,2,2,2,2,2,1,2,2,2,2
2/1/25 8:07,2/1/25 8:10,0,129.93.161.231,100,181,1,2/1/25 8:10,R_1enz65AVGbI53ta,,,,,40.8161,-96.7036,anonymous,EN,1170,femal,4,1,,,,,,,,1,,,,,1,2,2,Life 120,Pre-nursing,,2,1,4,4,1,,34,,2,2,2,2,2,2,2,2,2,2,2,2,2,1,2,2,2,2,2,2,2,2,2,2,2,2,2,2,2,2,2,2,2,2,2,2,2,2,2,2,2,2,2,2,2,2,1,2,1,2,2
1/31/25 16:53,1/31/25 17:00,0,129.93.161.225,100,445,1,1/31/25 17:00,R_3NM9EQhCmPLRjod,,,,,40.8161,-96.7036,anonymous,EN,1171,female,4,1,,,,,,,,1,,,,,1,1,2,life120,biology,biochemistry,1,1,3.96,3.96,1,,30,,2,2,2,2,1,1,2,1,2,1,1,2,2,2,2,2,2,2,2,2,2,1,1,1,2,2,2,2,2,1,2,2,1,2,2,1,2,1,2,1,2,1,1,2,2,1,1,1,1,2,2
2/7/25 15:50,2/7/25 15:56,0,129.93.161.227,100,376,1,2/7/25 15:56,R_7nTXRAwUmFO8BMi,,,,,40.8161,-96.7036,anonymous,EN,1172,Female,5,1,,,,,,,,1,,,,1,1,1,2,"LIFE101, LIFE 101L, LIFE120, LIFE120L, LIFE121, LIFE 121L",Veterinary Science,Pre-Vet Track/Biomedical Sciences Option,1,1,4,4,1,,33,,2,2,2,2,2,2,1,2,2,2,1,2,2,2,2,1,2,2,1,1,1,1,2,1,2,2,1,2,2,1,2,2,2,2,2,2,1,1,2,2,2,1,2,2,2,2,1,1,1,2,2
1/31/25 16:07,1/31/25 16:15,0,129.93.161.228,100,475,1,1/31/25 16:15,R_1ghD7ouslyhIaC6,,,,,40.8161,-96.7036,anonymous,EN,1174,Female,5,1,,,,,,,,1,,,1,1,2,4 as of this semester ,2,"Biology 120, Biology 121, physiology, microbiology (111), and Chem 109",Nutrition and wellness,N/A,2,1,3.67,3.67,,1,,998,1,2,2,1,1,2,1,2,2,1,2,2,2,2,2,2,1,2,2,1,1,1,1,1,1,2,1,2,2,2,1,2,2,1,1,2,1,2,2,1,2,1,2,1,2,1,1,2,1,1,2
2/8/25 10:55,2/8/25 10:57,0,167.248.93.4,100,135,1,2/8/25 10:57,R_1DUHqGNhgOd402y,,,,,40.7597,-96.6542,anonymous,EN,1175,Male,5,1,,,,,,,,1,,,,,1,2,2,LIFE120/LIFE120L/LIFE121/LIFE121L,Biochemistry,Chemistry,1,1,4,3.875,1,,34,,2,2,2,2,2,2,1,2,2,2,1,1,2,1,2,1,1,2,2,2,2,1,2,1,2,2,2,2,2,2,2,2,1,2,1,1,1,2,2,2,2,2,2,1,2,2,1,1,2,2,2
3/4/25 9:42,3/4/25 9:48,0,129.93.161.225,100,386,1,3/4/25 9:48,R_3sv85KpnhmLj2Fr,,,,,40.8161,-96.7036,anonymous,EN,1177,Female,7,1,,,,,,,,1,,,,1,1,1,2,Life 120,Forescis,,1,1,2.543,2.543,1,,29,,1,2,2,1,2,1,2,1,2,2,1,1,2,1,2,1,1,2,2,2,1,1,1,1,2,1,1,2,1,1,2,1,1,2,1,1,1,1,2,2,2,2,2,1,2,2,2,1,1,2,2
1/31/25 15:36,1/31/25 15:47,0,129.93.161.230,100,646,1,1/31/25 15:47,R_7wH04dyeeVxciac,,,,,40.8161,-96.7036,anonymous,EN,1178,Female,4,1,,,,,,,,1,,,,,1,2,2,"Life 120 (SEC 010 Fall 2024 UNL)
Life 121 (SEC 020 Spring 2025 UNL)
DC chemistry (109 equivelent) and DC environemental Science (during my junior and senior year of high school) (at Missouri Western State University MO)",Nutrition and Health Sciences,NA,1,1,3.95,3.22,1,,27,,2,2,2,2,2,2,1,2,1,2,1,2,2,2,2,2,2,2,1,2,1,1,2,1,2,2,2,2,2,1,1,1,1,1,2,2,1,1,2,1,2,2,2,2,2,2,2,2,2,2,2
2/5/25 16:25,2/5/25 16:28,0,137.83.95.41,100,184,1,2/5/25 16:28,R_1EgXfj5IremNBqg,,,,,40.8035,-96.651,anonymous,EN,1179,Female,5,1,,,,,,,,1,,,,,3,3,2,"LIFE120, LIFE121","Neuropsychology, Spanish",,2,1,4,4,1,,33,,2,2,2,2,2,2,2,2,2,2,1,2,2,2,2,1,2,2,2,2,2,2,2,2,2,2,2,2,2,2,2,2,2,2,2,2,2,2,2,2,2,2,2,2,2,2,1,2,2,2,2
2/7/25 20:06,2/7/25 20:11,0,129.93.161.224,100,280,1,2/7/25 20:11,R_11KvDlpeCXXseYN,,,,,40.8161,-96.7036,anonymous,EN,1183,Agender,4,1,,,,,,,,1,,,,1,1,2,2,Life120 and Life121,Forensic Biology,,1,1,3.5,,,,,,2,1,2,2,2,2,1,1,2,2,2,2,2,1,2,2,2,2,2,1,2,1,2,2,2,2,2,2,2,1,2,2,2,1,2,2,2,2,2,2,2,2,2,2,2,2,2,2,2,2,2
2/9/25 15:25,2/9/25 15:30,0,129.93.161.229,100,290,1,2/9/25 15:30,R_5v2XmxrCcuejP0Z,,,,,40.8161,-96.7036,anonymous,EN,1184,Female,4,1,,,,,,,,1,,,,,1,2,2,"LIFE 120, LIFE 121",Biological Sciences,Spanish,1,1,3.3,3,1,,25,,1,2,2,1,2,1,2,2,2,2,2,2,2,2,2,2,1,2,1,2,1,1,2,1,2,1,1,2,2,1,2,2,1,2,1,1,2,1,2,2,2,1,2,2,2,2,2,1,1,2,2
2/10/25 13:14,2/10/25 13:17,0,129.93.161.228,100,205,1,2/10/25 13:17,R_3GexcaTblbOzUWW,,,,,40.8161,-96.7036,anonymous,EN,1187,female,4,1,,,,,,,,1,,,,1,1,1,2,Life 120,Undeclared ,none,1,3,3,3.5,1,,27,,2,2,2,1,2,2,1,2,2,1,1,1,2,1,2,2,2,2,1,1,1,1,2,1,2,1,1,2,2,1,1,1,1,1,1,1,2,2,1,1,1,1,1,2,2,2,1,1,1,2,2
2/11/25 8:38,2/11/25 8:44,0,129.93.161.225,100,396,1,2/11/25 8:45,R_5XMtAoB6JqEnMcx,,,,,40.8161,-96.7036,anonymous,EN,1189,woman,4,1,,,,,,,,1,,,,,1,2,2,"life 120, life 121",biology,,1,1,3.856,3.845,1,,30,,2,2,2,2,2,2,2,2,2,2,2,2,2,2,2,2,2,2,2,2,2,2,2,2,2,2,2,2,2,2,2,2,2,2,2,2,2,2,2,2,2,2,2,2,2,2,2,2,2,2,2
2/11/25 17:11,2/11/25 17:16,0,129.93.161.230,100,294,1,2/11/25 17:16,R_1KkmkH9V692radr,,,,,40.8161,-96.7036,anonymous,EN,1190,Female,5,1,,,,,,,,1,,,,,1,2,2,"Life120, Life121",Biology,,1,1,4,4,1,,19,,2,1,2,2,2,2,2,2,2,2,2,2,2,2,2,2,2,2,1,2,2,1,1,1,2,2,2,2,2,1,2,2,2,2,2,1,2,2,2,2,2,2,2,2,2,2,1,2,1,2,2
2/12/25 15:02,2/12/25 15:12,0,199.47.67.47,100,599,1,2/12/25 15:12,R_6pbemYEr9eJ7zD9,,,,,40.6306,-103.2212,anonymous,EN,1191,Female ,4,,,1,,,,,,1,,,,,1,1,2,Biology 120/ Biology 120 Lab ,Pre-med ,Spanish ,2,2,2.7,2.9,1,,16,,2,2,2,2,2,2,2,2,2,1,2,2,2,2,2,1,1,2,2,2,2,1,1,2,2,2,2,2,2,2,1,2,2,2,2,2,2,2,2,2,2,2,2,2,2,2,2,2,2,2,2
3/31/25 9:04,3/31/25 9:16,0,97.98.186.81,100,728,1,3/31/25 9:16,R_38M0PVxcuZgLRes,,,,,40.7842,-96.6461,anonymous,EN,1197,Male,17,1,1,,,,1,,,1,,,,1,4,8,1,"BIOL 101 with lab, NRES 220 and 435",Fisheries and Wildlife,N/A,2,1,3.5,3.5 or higher,,,,,2,2,2,2,2,2,1,2,2,2,2,2,2,2,2,1,1,2,1,2,2,2,2,2,2,2,2,1,2,2,1,2,2,1,1,2,1,2,2,2,2,2,2,2,2,2,1,2,2,2,2
4/4/25 13:53,4/4/25 14:00,0,76.84.173.220,100,410,1,4/4/25 14:00,R_30wUvmW3tNiMqaU,,,,,40.7842,-96.6461,anonymous,EN,1198,Female,5,1,,,,,,,,1,,,,,2,4,2,"Bios 101, Soil 153, Chem 105, NRES 220",Environmental and Sustainability Studies,Fisheries and Wildlife,1,1,3.98,3.98,1,,27,,2,2,2,2,2,2,1,2,2,1,2,2,2,2,2,2,2,2,2,2,2,2,2,1,2,2,2,2,2,1,2,2,1,1,2,1,2,2,2,2,2,2,2,2,2,2,1,2,2,2,2
4/24/25 17:19,4/25/25 9:02,0,129.93.161.231,100,56586,1,4/25/25 9:02,R_7Gtmiq8pK6hMMNz,,,,,40.7869,-96.6962,anonymous,EN,1200,female,7,,,,1,,,,,1,,,,,3,7,1,"life 120, 121",psychology,business,2,1,3.5,3,1,,19,,2,2,2,1,1,2,1,2,2,1,2,2,2,2,2,1,2,2,1,1,2,2,2,2,2,2,2,2,1,2,1,1,2,1,1,2,1,2,2,2,2,1,1,2,2,2,1,1,1,2,2
4/15/25 20:31,4/15/25 20:35,0,68.234.170.252,100,279,1,4/15/25 20:35,R_3kbK9jkI8yBDRIZ,,,,,40.8161,-96.7036,anonymous,EN,1201,Woman,7,1,,,,,,,,1,,,,1,4,3.5,2,"Life 120
Life 121",Psychology,Child Youth and Family Studies,1,1,3.8,3.7,1,,25,,2,1,2,2,1,2,1,2,2,1,1,2,1,1,2,2,2,2,1,2,2,1,1,1,2,2,1,2,1,2,2,2,1,1,1,2,1,2,2,1,1,1,1,1,2,2,2,1,1,2,2
4/9/25 12:27,4/9/25 12:31,0,129.93.161.226,100,250,1,4/9/25 12:31,R_3tqmecOsMHsSniF,,,,,40.8161,-96.7036,anonymous,EN,1202,female,5,1,,,,,,,,1,,,,,3,6,2,Life 120 (took through uno dual enrollment),"Psychology + child, youth, and family studies",,2,1,4.0 (last semester),3.57,1,,21,,2,2,2,2,2,2,2,2,2,1,2,2,2,2,2,2,1,2,1,2,2,1,2,1,2,2,2,2,1,2,2,2,2,2,2,2,1,2,2,2,2,2,2,2,2,2,2,2,1,2,2
4/1/25 17:15,4/1/25 17:19,0,129.93.161.227,100,246,1,4/1/25 17:19,R_3k1SWcyWxL43b0N,,,,,40.8161,-96.7036,anonymous,EN,1203,Male,5,1,,,,,,,,1,,,,1,2,4,2,"LIFE120, Genetics, Anatomy and Physiology, Biology, Chemistry",Biology,"Biochemistry, Biomedical Engineering",2,1,4,4,1,,34,,2,2,2,2,2,2,2,1,2,2,1,2,2,2,2,2,2,2,1,2,1,1,2,1,2,2,2,2,2,2,2,2,1,2,1,1,1,2,2,2,2,2,2,2,2,2,1,2,2,2,2
4/4/25 10:39,4/4/25 10:49,0,129.93.161.227,100,554,1,4/4/25 10:49,R_3w7c5fkRLoQyFg6,,,,,40.8161,-96.7036,anonymous,EN,1204,Female,6,1,,,,,,,,1,,,,1,3,6,2,"LIFE120, LIFE121, Biochemistry 401 and Lab, Microbiology 314 (and 314L /Lab), BIOS 213 and 213L (Human Physiology), BIOS214 and 214L (Human Anatomy), ",Neuroscience Psychology,Spanish,1,1,3.9,3.94,,1,,1250,2,2,2,2,2,2,1,2,2,2,2,2,2,2,2,1,2,2,2,2,2,1,2,1,2,2,2,2,2,2,2,2,2,2,2,2,2,2,2,2,2,2,2,2,2,2,1,1,2,2,2
4/14/25 12:13,4/14/25 12:20,0,129.93.161.226,100,416,1,4/14/25 12:20,R_6DXaeRsEnGVPFTz,,,,,40.8161,-96.7036,anonymous,EN,1205,Female,5,1,1,,,,,,,1,,,1,,4,6,1,"LIFE120, LIFE121, BIOC431",Psychology:Neuroscience,None,2,1,2.8,2.8,1,,30,,2,2,2,1,2,1,1,1,2,1,1,2,2,1,2,2,1,2,2,2,1,1,2,1,1,2,2,2,2,2,2,1,2,1,2,2,2,1,1,1,1,1,2,1,2,2,1,2,2,2,2
3/31/25 15:08,3/31/25 15:13,0,129.93.161.227,100,303,1,3/31/25 15:13,R_3irFi3BH5zjmQHu,,,,,40.8161,-96.7036,anonymous,EN,1206,Male,4,1,,,,,,,,1,,,,,1,2,2,"Life 120, Life 121",Biochemistry,Spanish,1,1,4,4,1,,31,,2,2,2,2,2,2,1,2,1,1,2,2,2,2,2,2,2,2,2,2,2,2,2,1,2,2,2,2,2,1,2,2,1,2,2,2,2,1,2,1,1,2,2,2,2,2,2,1,1,2,2
4/1/25 14:27,4/1/25 14:34,0,68.234.170.243,100,393,1,4/1/25 14:34,R_6d48kotyUIyQ5NA,,,,,40.8161,-96.7036,anonymous,EN,1208,Female,5,1,,,,,,,,1,,,,1,2,4,2,Life 120,Psychology,,1,1,3.67,3.75,1,,24,,1,2,2,2,2,1,2,1,2,2,2,2,2,1,2,2,2,2,2,2,1,1,2,1,2,2,2,2,2,2,2,2,1,2,1,2,1,2,2,1,2,2,2,2,2,2,1,1,2,2,2
4/6/25 8:18,4/6/25 8:26,0,173.213.136.197,100,504,1,4/6/25 8:26,R_7vifmp6ggEmfqYO,,,,,40.7597,-96.6542,anonymous,EN,1209,Female,8,1,,,,,,,,1,,,,,4,4,2,"General Biology + Lab, Basic Nutrition, Brain and Behavior (PSYC 273)","Political Science, Psychology",,2,1,3.4,3.4,,1,,25,1,1,2,2,1,2,2,2,2,1,1,1,2,2,2,2,1,1,2,1,2,1,1,1,2,2,2,2,2,2,2,1,1,1,2,1,2,2,2,2,2,2,2,2,2,2,2,1,2,2,2
4/10/25 11:20,4/10/25 11:30,0,68.234.170.251,100,636,1,4/10/25 11:30,R_3q8YeDm3Zfe573V,,,,,40.8161,-96.7036,anonymous,EN,1210,female,6,1,,,,,,,,1,,,,,3,6,2,"Bios120, Bios121, Bios213, Bios312, Bios120L, Bios121L, Bios213L, Bios314",Psychology (Neurology Emphasis),,1,1,3.157,3.157,1,,29,,2,2,2,2,2,2,1,2,2,2,2,2,2,2,2,2,2,2,2,2,2,2,2,1,2,2,2,2,2,2,2,2,2,2,2,2,2,2,2,2,2,2,2,2,2,2,2,2,2,2,2
4/1/25 14:14,4/1/25 14:20,0,129.93.161.230,100,378,1,4/1/25 14:20,R_7H9KPc6PprNozq9,,,,,40.8161,-96.7036,anonymous,EN,1211,female,4,1,,,,,,,,1,,,,,1,I am in my 2nd semester at UNL,2,LIFE 120 & Lab,psychology,N/A,2,2,3.9,3.6,1,,23,,2,2,2,2,1,1,2,1,2,1,2,2,2,1,2,1,1,2,1,1,2,2,2,2,2,2,1,1,2,2,2,1,1,1,2,2,2,2,2,2,2,2,2,2,2,1,2,2,2,2,2
4/3/25 9:07,4/3/25 9:11,0,129.93.161.224,100,258,1,4/3/25 9:11,R_3DI54S96LqBI2HQ,,,,,40.8161,-96.7036,anonymous,EN,1212,female,4,1,,,,,,,,1,,,1,1,1,2,2,life-120,pre-nursing,,1,1,3.6,3.6,1,,21,,1,1,2,2,2,2,1,1,2,2,1,2,1,2,2,2,2,2,2,2,1,2,2,1,2,2,1,1,1,1,2,2,2,2,1,2,1,1,2,2,2,1,2,2,2,2,2,1,1,2,2
4/7/25 11:49,4/7/25 11:55,0,129.93.161.228,100,372,1,4/7/25 11:55,R_1YfvzHONIflxEBF,,,,,40.8161,-96.7036,anonymous,EN,1214,female ,7,,,,1,,,,,1,,,,,4,10,1,"life 120, life 121",psychology ,asian studies ,2,1,2.9,2.9,1,,18,,2,2,2,1,1,2,1,1,2,1,1,2,2,2,2,1,1,2,2,1,1,1,1,1,1,2,1,2,2,2,1,1,2,1,1,1,2,2,2,2,2,1,2,2,2,2,2,1,2,1,2
4/1/25 15:43,4/1/25 15:49,0,129.93.161.224,100,337,1,4/1/25 15:49,R_1VvSo0YHLe3qe13,,,,,40.8161,-96.7036,anonymous,EN,1215,male,7,,,,1,,,,,1,,,,,4,5,2,"BIOS 206 + lab, BIOS 207 + lab, BIOS 314+lab, BIOS 491, GCE A-levels Biology",Biological Sciences,,1,1,3.706,3.706,,1,,1390,2,2,2,2,2,2,1,2,2,2,2,2,1,2,2,2,2,2,2,2,2,1,2,2,2,2,2,2,2,2,2,2,2,1,2,2,2,2,1,2,2,2,2,2,2,2,1,2,2,2,2
3/31/25 15:54,3/31/25 16:04,0,129.93.161.230,100,569,1,3/31/25 16:04,R_5wdHjnPke2C2TBL,,,,,40.8161,-96.7036,anonymous,EN,1216,Female,5,1,,,,,,,,1,,,,,2,Currently in my 4th semester.,2,"LIFE120, LIFE121, PLAS215, NRES220",Fisheries and Wildlife,Zoo Animal Science,2,1,3.67,3.604,1,,25,,2,2,2,2,2,2,1,1,2,2,2,2,2,1,2,2,2,2,2,1,2,1,2,1,2,2,1,2,2,2,2,1,2,1,2,2,2,2,2,1,2,2,2,1,2,2,1,1,2,2,2
3/31/25 13:34,3/31/25 13:43,0,166.181.82.250,100,503,1,3/31/25 13:43,R_52vcRq6Gi8Uz9XX,,,,,40.8161,-96.7036,anonymous,EN,1217,male,5,1,,,,,,,,1,,,,,1,2,2,120 121,biology,biochem,1,1,4,4,1,,29,,2,2,2,2,2,2,2,2,2,2,2,1,2,1,2,2,2,2,2,2,1,1,2,1,2,2,2,2,2,1,2,1,1,2,2,1,2,2,2,1,2,2,2,2,2,2,1,2,2,2,2
3/31/25 22:01,3/31/25 22:08,0,76.84.209.67,100,384,1,3/31/25 22:08,R_72goWjn05SRtKC9,,,,,40.8414,-96.6541,anonymous,EN,1219,female,6,,,,,,,1,middle eastern,1,,,,,4,8,2,bios 100,sociology,"english, ethnic studies",2,1,3.6,3.8,1,,16,,2,2,2,2,2,2,2,2,2,1,1,1,2,2,2,1,1,2,2,1,2,2,1,2,1,2,2,2,2,2,2,1,2,2,2,1,1,2,2,2,2,2,2,2,2,1,2,1,1,2,2
4/16/25 13:56,4/16/25 14:03,0,76.84.2.60,100,386,1,4/16/25 14:03,R_5jlGZZ63yrlhobv,,,,,40.7869,-96.6962,anonymous,EN,1220,Female,6,,,,1,,,,,1,,,,,4,8,2,"BIOS 101, BIOS 111",Psychology,Humanities in Medicine (HMED),1,1,3.9,3.9,1,1,23,N/A,2,2,2,1,2,2,2,2,1,2,2,2,2,2,2,2,2,2,2,2,2,2,2,1,2,2,2,2,2,2,2,2,2,2,2,2,2,2,2,2,2,2,2,1,2,1,1,2,2,2,2
4/3/25 12:54,4/3/25 13:00,0,68.234.170.241,100,339,1,4/3/25 13:00,R_3NeHzSRCqcUTXcM,,,,,40.8161,-96.7036,anonymous,EN,1221,Female,5,1,,,,,,,,1,,,,,2,4,1,"LIFE 120 + 120L, LIFE 121 + 121L, BIOS 206",Biochemistry,,1,1,3.9,3.8,1,,35,,2,2,2,1,2,1,2,1,2,1,2,2,1,2,2,1,2,2,2,1,2,1,2,1,2,1,2,2,2,1,2,1,1,1,2,2,2,2,2,2,2,1,2,2,2,2,1,2,1,2,2
4/4/25 11:26,4/4/25 11:32,0,129.93.161.230,100,320,1,4/4/25 11:32,R_5wTSsybkipeb4RQ,,,,,40.8161,-96.7036,anonymous,EN,1222,Female,5,,,,1,,,,,1,,,,,2,4,2,BIOS 110,Computer Science,Business,1,1,3.9,3.9,1,,32,,2,2,2,1,2,2,1,2,1,2,2,2,1,2,2,2,2,2,2,2,2,2,1,1,2,2,1,2,2,2,1,2,1,2,1,1,2,2,2,2,2,1,2,1,1,1,2,2,1,1,2
4/15/25 19:08,4/15/25 19:19,0,129.93.161.225,100,648,1,4/15/25 19:19,R_3JjmmToBbqS0WlP,,,,,40.8161,-96.7036,anonymous,EN,1223,male,7,,,,1,,,,,1,,,,,4,3,2,"PSY273(UNL), BIO101(Outside UNL). ",Psychology,Economics,2,1,3.7,3.7,,1,,1100,2,2,2,1,2,2,2,1,2,2,2,2,2,2,2,2,2,2,2,2,2,1,2,1,1,2,2,2,2,2,2,2,2,2,2,2,2,2,2,2,2,2,2,1,2,2,2,2,2,2,2
4/3/25 16:40,4/3/25 16:44,0,104.152.242.45,100,243,1,4/3/25 16:44,R_5qwgdSSTPJKoNEJ,,,,,40.9219,-98.3448,anonymous,EN,1224,female,5,1,,,,,,,,1,,,,,2,4,2,"General biology, principles of ecology",Environmental Sustainability and studies,fisheries and wildlife,1,1,3.2,3,1,,22,,2,2,2,2,2,2,2,2,2,2,2,2,2,2,2,2,2,2,2,1,1,1,2,1,2,2,2,2,2,2,2,2,1,2,2,1,2,2,2,2,2,2,2,2,2,1,2,2,2,2,2
4/15/25 23:09,4/15/25 23:15,0,129.93.161.230,100,329,1,4/15/25 23:15,R_5QPBEhmGhsuFRD1,,,,,40.8161,-96.7036,anonymous,EN,1227,Male,5,1,,,,,,,,1,,,,,2,4,2,"Fundamentals of Biology I, Fundamentals of Biology II, General Genetics, General Genetics Lab, Ecology and Evolution, Pathways to Success in the Biological Sciences Major",Biological Sciences,"Psychology, Spanish, Biochemistry",1,1,4,4,1,,32,,2,2,2,2,2,2,1,2,2,2,2,2,2,1,1,2,2,2,2,2,2,2,2,2,2,2,1,1,2,2,2,2,2,1,2,2,1,2,2,2,2,2,2,2,2,2,1,2,2,2,2
4/11/25 0:04,4/11/25 0:13,0,68.234.170.248,100,551,1,4/11/25 0:13,R_34pZ1xw1twqEBT4,,,,,40.8161,-96.7036,anonymous,EN,1228,female,5,1,,,,,,,,1,,,,,3,4,2,LIFE121,psychology,business administration,1,1,3.969,3.969,1,,32,,2,2,2,1,2,2,2,2,2,2,1,2,1,2,2,2,2,2,1,2,1,1,2,1,2,2,2,2,1,2,2,2,1,2,1,1,1,2,2,1,2,2,2,2,2,2,1,1,1,2,2
4/18/25 9:31,4/18/25 9:36,0,68.234.170.243,100,282,1,4/18/25 9:36,R_5MDOQUW6wfzigci,,,,,40.8161,-96.7036,anonymous,EN,1229,female,,1,,,,,,,,1,,,,,2,4,2,"BIOS 121/121L, BIOS 213/L, BIOS 111, ",neurosience,biochemistry,2,1,3.8,3.3,1,,29,,2,2,2,1,2,2,1,2,2,2,2,2,2,2,2,2,2,2,1,2,2,1,2,2,2,2,2,2,2,2,2,2,2,2,2,2,1,2,2,2,2,2,2,2,2,1,2,2,2,2,2
5/14/25 13:02,5/14/25 13:08,0,129.93.161.226,100,361,1,5/14/25 13:08,R_7hl4B6ZEmtptGCJ,,,,,40.8161,-96.7036,anonymous,EN,1232,Transgender Man,,1,,,,,,,,1,,,,1,1,2,1,"life 120
life 121
highschool biology
bio lab credit, metro, non-transferred
highschool zoology","Biological sciences, German",,1,1,3.72,3.72,1,,28,,1,2,2,1,2,2,2,1,2,1,2,2,2,2,2,1,2,1,1,2,2,2,2,1,2,2,1,2,2,2,2,2,1,1,1,2,2,2,2,2,2,1,2,1,2,2,1,1,1,2,2
5/14/25 11:47,5/14/25 11:55,0,129.93.161.228,100,486,1,5/14/25 11:55,R_751lElaNBJoLNaV,,,,,40.8161,-96.7036,anonymous,EN,1233,Female,5,1,,,,,,,,1,,,,,2,4,2,"LIFE 120/L, LIFE 121/L",Nutrition & Health Sciences,Spanish,2,2,3.899,3.899,1,1,28,1400,1,1,2,1,1,1,1,1,2,1,1,2,1,1,2,1,1,1,1,2,2,1,1,1,2,2,1,2,1,1,2,2,1,1,1,1,1,1,2,2,2,1,1,2,2,2,1,1,1,2,2
5/22/25 13:38,5/22/25 13:42,0,149.154.29.18,100,222,1,5/22/25 13:42,R_1qo3p4zHBQxIc5X,,,,,41.2854,-96.1494,anonymous,EN,1237,Male,5,,,,1,,,,,1,,,,,2,2,2,Bio 121,Biochemistry,,1,1,4,4,1,,32,,2,2,2,2,2,2,2,1,2,2,2,2,2,2,2,2,2,1,2,2,2,2,2,2,2,2,1,2,2,1,2,2,2,2,2,2,1,2,2,2,2,1,2,2,2,2,2,1,1,2,2
5/15/25 14:52,5/15/25 14:59,0,129.93.161.226,100,419,1,5/15/25 14:59,R_71jr0zItdMYoiVA,,,,,40.8161,-96.7036,anonymous,EN,1238,Female,5,1,,,,,,,,1,,,,,2,2,2,"Life 120, Life 121",Human Development and Family Science,Sociology,2,1,3.2,2.8,1,,23,,2,2,2,1,2,2,1,2,2,2,1,1,2,2,2,2,1,2,2,2,1,2,1,1,2,2,2,2,1,1,2,2,2,2,2,2,1,2,2,2,2,2,2,1,2,2,1,2,2,2,2
1/22/26 14:22,1/22/26 14:26,0,129.93.161.230,100,240,1,1/22/26 14:26,R_5PAIE4Mq9ihrZXJ,,,,,40.8226,-96.6764,anonymous,EN,1240,male,4,1,,,,,,,,1,,,,,1,1,1,"life 120, life 121, ento 115, ento 116, plas 278, plpt 210, plas 391A",plant biology,,1,1,3.2,3.2,1,,21,,2,2,1,2,2,1,2,2,2,1,1,2,1,2,2,1,2,2,2,1,1,1,1,2,2,2,2,2,1,2,1,2,2,1,1,2,2,2,2,1,2,1,1,2,2,2,2,1,2,1,2
1/25/26 20:27,1/25/26 20:33,0,195.179.200.57,100,338,1,1/25/26 20:33,R_5rVC0Vbn5hIXrHA,,,,,41.8835,-87.6305,anonymous,EN,1241,Female,4,1,,,1,,,,,1,,,,,1,1,2,"I have taken Life120, Life120L, and am currently taking Life121 and Life121L.",Forensic Science,,1,1,3.2,3.2,,1,,1110,2,2,2,2,2,2,1,2,2,2,2,2,2,2,2,2,2,2,1,2,2,1,2,2,2,2,1,2,2,2,2,2,2,2,2,2,2,2,2,2,2,2,2,2,2,2,1,2,1,2,2
1/23/26 16:07,1/23/26 16:12,0,129.93.161.229,100,288,1,1/23/26 16:12,R_6WN2Ktj66wztFtg,,,,,40.8226,-96.6764,anonymous,EN,1243,Female,4,1,,,,,,,,1,,,,1,1,"One full semester, currently in second semester",2,Life 120 and Life 121,"Nutrition, Exercise, and Health Sciences",,1,1,4,4,,1,,1270,2,2,2,2,1,1,1,2,1,2,2,2,2,2,1,2,2,2,2,2,2,1,2,1,2,1,1,2,2,1,2,2,1,2,1,2,1,2,2,2,2,1,1,2,2,2,1,1,1,2,2
1/22/26 16:44,1/22/26 16:52,0,129.93.161.225,100,433,1,1/22/26 16:52,R_6zVeDzKPmHxbGcu,,,,,40.8226,-96.6764,anonymous,EN,1244,male,5,1,,,,,,,,1,,,,,1,1,2,high school bio,chemistry,,2,1,4,4,1,,25,,1,2,2,2,2,2,2,1,2,2,2,2,2,2,2,1,2,2,2,2,1,1,2,1,2,2,2,2,2,2,2,2,1,2,2,1,2,2,2,2,2,2,2,2,2,1,1,2,2,2,2
2/10/26 14:54,2/10/26 15:03,0,104.218.69.253,100,537,1,2/10/26 15:03,R_3l3bnnpoNk1e5cR,,,,,40.8035,-96.651,anonymous,EN,1245,female,5,1,,,,,,,,3,Arabic,,,,3,5,2,Life 120,Psychology - Neuroscience,,1,1,3.2,3.2,,,,,2,2,2,1,1,2,1,2,2,1,1,2,2,1,2,2,2,1,1,1,1,1,1,2,2,2,1,1,2,2,1,1,2,1,2,1,1,2,1,1,2,1,2,1,2,2,1,1,2,2,2
1/22/26 17:52,1/22/26 17:59,0,129.93.161.231,100,458,1,1/22/26 17:59,R_51QQsCMqX54H1iG,,,,,40.8226,-96.6764,anonymous,EN,1246,Male,4,1,,,,,,,,1,,,,,1,1,2,Life 120 and 121,Undeclared,,1,3,3.9,3.9,1,,27,,1,2,2,2,2,2,2,1,2,2,1,2,2,1,2,2,2,2,2,2,1,1,2,1,2,2,1,2,1,1,2,2,1,1,2,1,1,2,2,1,2,2,1,1,2,2,2,2,2,2,2
1/22/26 17:35,1/22/26 17:42,0,35.147.177.124,100,414,1,1/22/26 17:42,R_51cMlxJU20soVQY,,,,,40.7579,-96.6962,anonymous,EN,1247,female,4,,,,,,,1,Middle eastern ,1,,,,,1,1,1,"life 120, life 121",Biology,psychology,1,1,3.7,3.9,1,,34,,2,2,2,2,2,2,1,2,2,2,2,1,2,2,2,2,2,2,2,1,2,1,2,2,2,2,2,2,2,2,1,2,2,2,2,2,2,2,2,2,2,2,2,2,2,1,2,2,2,1,2
1/27/26 16:35,1/27/26 16:45,0,129.93.161.228,100,585,1,1/27/26 16:45,R_3azdB743zGKIKlM,,,,,40.8226,-96.6764,anonymous,EN,1248,Female,5,1,1,,,,,,,1,,,,,2,4,2,"Life 120, life 121",undeclared,,1,3,3.69,2.973,1,,26,,1,2,2,1,2,1,2,1,2,2,1,1,2,2,2,2,2,2,1,2,2,1,1,1,1,2,1,2,2,2,2,2,2,2,1,1,1,2,2,2,2,2,2,1,2,1,1,1,2,2,2
1/23/26 7:31,1/23/26 7:35,0,142.56.57.156,100,283,1,1/23/26 7:35,R_1EA6Wryji1AmwGs,,,,,40.8219,-96.6244,anonymous,EN,1249,Female,5,1,,,,,,,,1,,,1,1,3,2,2,LIFE 121 and LIFE 120,Pre Vet-Med,,1,1,Unsure,Unsure,1,,21,,2,2,2,2,1,2,1,2,2,1,2,2,1,1,2,1,1,2,2,1,2,1,2,2,2,1,1,2,2,1,1,1,2,1,2,2,2,2,2,2,2,2,2,2,2,2,1,2,2,2,2
1/25/26 12:23,1/25/26 12:25,0,72.46.50.128,100,116,1,1/25/26 12:25,R_7f2lDNW5QEoCHml,,,,,40.8485,-96.6247,anonymous,EN,1250,Male,5,1,,,,,,,,1,,,,,1,2,2,Life120 and Life121,Biological Sciences,,1,1,4,4,1,,33,,2,2,2,2,2,2,2,2,2,2,2,2,2,2,2,2,2,2,2,2,2,2,2,2,2,2,2,2,2,2,2,2,1,2,2,2,2,2,2,2,2,2,2,2,2,2,2,2,2,2,2
1/23/26 15:07,1/23/26 15:17,0,129.93.161.225,100,620,1,1/23/26 15:17,R_7SDAIObzJ4x3XFS,,,,,40.8226,-96.6764,anonymous,EN,1251,female,4,1,,,,,,,,1,,,,1,1,1,2,"fund bio 1 + lab, insect bio, insect identification, fund bio 2 + lab",entomology ,,1,1,3.246,3.246,,1,,1180,1,2,2,2,2,2,2,2,2,1,2,2,2,2,2,1,1,2,2,1,2,1,2,2,2,2,2,2,2,2,2,1,2,1,2,1,2,2,2,2,2,2,2,2,2,2,2,2,2,2,2
2/1/26 20:19,2/1/26 20:22,0,129.93.161.229,100,168,1,2/1/26 20:22,R_7Gx1NcfAg98OIJH,,,,,40.8226,-96.6764,anonymous,EN,1252,Female,4,1,,,,,,,,1,,,,,1,1,2,"LIFE 120, LIFE 121, CHEM 109, CHEM 110",Biological Sciences,"Biochemistry, Spanish",1,2,4,4,1,,32,,2,2,2,2,2,2,2,2,2,2,2,2,2,1,2,2,2,2,2,2,2,1,1,1,2,2,1,2,1,2,2,2,1,1,1,2,1,2,2,1,1,1,1,1,2,2,1,1,2,1,2
1/22/26 19:53,1/22/26 19:57,0,104.218.68.42,100,257,1,1/22/26 19:57,R_75YhDd62Iy31xRn,,,,,40.8035,-96.651,anonymous,EN,1253,female,4,1,,,,,,,,1,,,,,1,2,2,"Currently taking LIFE121, completed LIFE120","Biochemistry, Nutrition & Biomedical Sciences","Business, Humanities in Medicine",1,1,4,4,1,,34,,2,2,2,2,2,2,2,2,2,2,2,2,2,2,2,2,2,2,1,2,2,1,2,2,2,2,2,2,2,1,2,2,2,2,2,2,2,2,2,2,2,2,2,2,2,2,2,2,1,2,2
1/23/26 23:22,1/23/26 23:28,0,24.223.114.98,100,323,1,1/23/26 23:28,R_3taIvg5rW4WuL9C,,,,,40.7128,-99.0783,anonymous,EN,1254,female,5,1,,,,,,,,1,,,,,1,1,2,"LIFE120, LIFE120L, PSYC101, SOCI101, BIOS213, BIOS213L, LIFE121, LIFE121L",Pre-health,none,1,3,3.8,3.8,1,1,33,1390,2,2,2,2,2,1,1,1,1,2,1,2,1,1,2,2,2,1,2,2,1,1,1,1,2,2,2,1,1,1,1,1,1,1,2,2,1,2,1,2,2,2,2,2,2,1,1,1,1,1,2
1/30/26 13:06,1/30/26 13:18,0,129.93.161.230,100,717,1,1/30/26 13:18,R_1Z8wr4ZuH7Rn8Rz,,,,,40.8226,-96.6764,anonymous,EN,1256,Male,4,1,,,,,,,,1,,,,1,1,This is my 2nd semester,2,"LIFE120, LIFE120L, LIFE121, and LIFE121L",Biochemistry ,N/A,1,1,4,4,1,,26,,1,2,2,2,2,1,1,2,2,2,1,2,2,1,1,2,2,1,1,2,2,1,2,1,2,2,1,2,1,1,1,2,2,1,2,1,1,2,2,2,2,1,2,2,2,2,1,1,1,2,2
2/15/26 13:54,2/15/26 13:59,0,174.198.67.194,100,289,1,2/15/26 13:59,R_1a98edLoTKWkbhQ,,,,,41.2442,-95.9599,anonymous,EN,1257,female,4,1,,,,,,,,1,,,,,1,"1, this is my second",2,I have taken Life120 and I am currently enrolled in Life121,Nutrition and Exercise Science,Business,1,2,3.9,3.9,1,,23,,2,2,2,2,2,2,2,2,2,2,2,2,2,1,2,2,2,2,1,2,1,1,2,2,2,2,2,2,1,2,2,2,1,2,2,2,1,1,2,2,2,2,2,2,2,1,1,2,1,2,2
2/2/26 9:37,2/2/26 9:40,0,129.93.161.228,100,176,1,2/2/26 9:40,R_38Mq68Ig0G99Fs1,,,,,40.8226,-96.6764,anonymous,EN,1260,Male ,4,,,,1,,,,,1,,,,,1,1,1,"BIO101C, LIFE120, LIFE120L",Biochemistry ,,2,1,3,3,1,,23,,2,2,2,1,1,1,2,2,2,1,1,2,2,2,1,1,2,1,2,1,2,2,1,1,2,2,1,2,2,1,1,2,2,2,2,1,2,1,1,2,1,1,1,2,1,2,2,2,1,2,1